2025-01-01;639,21 MAD ;652,2 MAD ;
2025-01-02;648,76 MAD ;661,8 MAD ;
2025-01-03;642,37 MAD ;655,4 MAD ;
2025-01-06;635,89 MAD ;648,9 MAD ;
2025-01-07;640,02 MAD ;653,0 MAD ;
2025-01-08;645,77 MAD ;658,8 MAD ;
2025-01-09;647,74 MAD ;660,7 MAD ;
2025-01-10;651,71 MAD ;664,7 MAD ;
2025-01-13;649,07 MAD ;662,1 MAD ;
2025-01-14;650,02 MAD ;663,0 MAD ;
2025-01-15;654,41 MAD ;667,4 MAD ;
2025-01-16;658,58 MAD ;671,6 MAD ;
2025-01-17;654,81 MAD ;667,8 MAD ;
2025-01-20;654,70 MAD ;667,7 MAD ;
2025-01-21;664,49 MAD ;677,5 MAD ;
2025-01-22;663,51 MAD ;676,5 MAD ;
2025-01-23;664,68 MAD ;677,7 MAD ;
2025-01-24;666,60 MAD ;679,6 MAD ;
2025-01-27;659,49 MAD ;672,5 MAD ;
2025-01-28;667,52 MAD ;680,5 MAD ;
2025-01-29;665,63 MAD ;678,6 MAD ;
2025-01-30;674,86 MAD ;687,9 MAD ;
2025-01-31;677,10 MAD ;690,1 MAD ;
2025-02-03;684,48 MAD ;697,5 MAD ;
2025-02-04;690,40 MAD ;703,4 MAD ;
2025-02-05;692,47 MAD ;705,5 MAD ;
2025-02-06;690,47 MAD ;703,5 MAD ;
2025-02-07;690,76 MAD ;703,8 MAD ;
2025-02-10;705,39 MAD ;718,4 MAD ;
2025-02-11;701,89 MAD ;714,9 MAD ;
2025-02-12;699,44 MAD ;712,4 MAD ;
2025-02-13;706,56 MAD ;719,6 MAD ;
2025-02-14;692,97 MAD ;706,0 MAD ;
2025-02-17;696,05 MAD ;709,1 MAD ;
2025-02-18;706,16 MAD ;719,2 MAD ;
2025-02-19;706,43 MAD ;719,4 MAD ;
2025-02-20;706,44 MAD ;719,4 MAD ;
2025-02-21;704,45 MAD ;717,5 MAD ;
2025-02-24;708,27 MAD ;721,3 MAD ;
2025-02-25;696,64 MAD ;709,6 MAD ;
2025-02-26;697,86 MAD ;710,9 MAD ;
2025-02-27;689,02 MAD ;702,0 MAD ;
2025-02-28;687,94 MAD ;700,9 MAD ;
2025-03-03;693,74 MAD ;706,7 MAD ;
2025-03-04;695,47 MAD ;708,5 MAD ;
2025-03-05;689,53 MAD ;702,5 MAD ;
2025-03-06;685,40 MAD ;698,4 MAD ;
2025-03-07;684,78 MAD ;697,8 MAD ;
2025-03-10;677,31 MAD ;690,3 MAD ;
2025-03-11;680,15 MAD ;693,2 MAD ;
2025-03-12;686,02 MAD ;699,0 MAD ;
2025-03-13;698,39 MAD ;711,4 MAD ;
2025-03-14;696,51 MAD ;709,5 MAD ;
2025-03-17;698,80 MAD ;711,8 MAD ;
2025-03-18;704,87 MAD ;717,9 MAD ;
2025-03-19;708,82 MAD ;721,8 MAD ;
2025-03-20;707,64 MAD ;720,6 MAD ;
2025-03-21;702,00 MAD ;715,0 MAD ;
2025-03-24;696,29 MAD ;709,3 MAD ;
2025-03-25;697,32 MAD ;710,3 MAD ;
2025-03-26;700,70 MAD ;713,7 MAD ;
2025-03-27;708,85 MAD ;721,9 MAD ;
2025-03-28;719,19 MAD ;732,2 MAD ;
2025-03-31;724,80 MAD ;737,8 MAD ;
2025-04-01;724,08 MAD ;737,1 MAD ;
2025-04-02;729,23 MAD ;742,2 MAD ;
2025-04-03;714,19 MAD ;727,2 MAD ;
2025-04-04;696,54 MAD ;709,5 MAD ;
2025-04-07;686,42 MAD ;699,4 MAD ;
2025-04-08;686,36 MAD ;699,4 MAD ;
2025-04-09;705,67 MAD ;718,7 MAD ;
2025-04-10;724,51 MAD ;737,5 MAD ;
2025-04-11;725,88 MAD ;738,9 MAD ;
2025-04-14;717,51 MAD ;730,5 MAD ;
2025-04-15;724,53 MAD ;737,5 MAD ;
2025-04-16;747,74 MAD ;760,7 MAD ;
2025-04-17;741,95 MAD ;755,0 MAD ;
2025-04-18;741,95 MAD ;755,0 MAD ;
2025-04-21;764,72 MAD ;777,7 MAD ;
2025-04-22;739,46 MAD ;752,5 MAD ;
2025-04-23;738,84 MAD ;751,8 MAD ;
2025-04-24;751,72 MAD ;764,7 MAD ;
2025-04-25;742,22 MAD ;755,2 MAD ;
2025-04-28;745,88 MAD ;758,9 MAD ;
2025-04-29;738,90 MAD ;751,9 MAD ;
2025-04-30;731,95 MAD ;745,0 MAD ;
2025-05-01;723,28 MAD ;736,3 MAD ;
2025-05-02;723,93 MAD ;736,9 MAD ;
2025-05-05;743,85 MAD ;756,9 MAD ;
2025-05-06;758,94 MAD ;771,9 MAD ;
2025-05-07;751,64 MAD ;764,6 MAD ;
2025-05-08;739,08 MAD ;752,1 MAD ;
2025-05-09;743,33 MAD ;756,3 MAD ;
2025-05-12;728,23 MAD ;741,2 MAD ;
2025-05-13;731,79 MAD ;744,8 MAD ;
2025-05-14;716,07 MAD ;729,1 MAD ;
2025-05-15;727,19 MAD ;740,2 MAD ;
2025-05-16;718,46 MAD ;731,5 MAD ;
2025-05-19;718,81 MAD ;731,8 MAD ;
2025-05-20;735,44 MAD ;748,4 MAD ;
2025-05-21;738,07 MAD ;751,1 MAD ;
2025-05-22;734,02 MAD ;747,0 MAD ;
2025-05-23;744,41 MAD ;757,4 MAD ;
2025-05-26;741,41 MAD ;754,4 MAD ;
2025-05-27;735,48 MAD ;748,5 MAD ;
2025-05-28;733,64 MAD ;746,6 MAD ;
2025-05-29;740,70 MAD ;753,7 MAD ;
2025-05-30;734,37 MAD ;747,4 MAD ;
2025-06-02;751,99 MAD ;765,0 MAD ;
2025-06-03;744,89 MAD ;757,9 MAD ;
2025-06-04;749,23 MAD ;762,2 MAD ;
2025-06-05;742,48 MAD ;755,5 MAD ;
2025-06-06;730,84 MAD ;743,8 MAD ;
2025-06-09;734,80 MAD ;747,8 MAD ;
2025-06-10;733,68 MAD ;746,7 MAD ;
2025-06-11;741,88 MAD ;754,9 MAD ;
2025-06-12;743,36 MAD ;756,4 MAD ;
2025-06-13;755,02 MAD ;768,0 MAD ;
2025-06-16;744,29 MAD ;757,3 MAD ;
2025-06-17;745,65 MAD ;758,7 MAD ;
2025-06-18;744,71 MAD ;757,7 MAD ;
2025-06-19;743,11 MAD ;756,1 MAD ;
2025-06-20;741,59 MAD ;754,6 MAD ;
2025-06-23;739,97 MAD ;753,0 MAD ;
2025-06-24;728,80 MAD ;741,8 MAD ;
2025-06-25;730,86 MAD ;743,9 MAD ;
2025-06-26;723,68 MAD ;736,7 MAD ;
2025-06-27;714,21 MAD ;727,2 MAD ;
2025-06-30;718,64 MAD ;731,6 MAD ;
2025-07-01;723,29 MAD ;736,3 MAD ;
2025-07-02;728,73 MAD ;741,7 MAD ;
2025-07-03;719,62 MAD ;732,6 MAD ;
2025-07-04;721,96 MAD ;735,0 MAD ;
2025-07-07;725,57 MAD ;738,6 MAD ;
2025-07-08;716,72 MAD ;729,7 MAD ;
2025-07-09;720,99 MAD ;734,0 MAD ;
2025-07-10;721,49 MAD ;734,5 MAD ;
2025-07-11;728,50 MAD ;741,5 MAD ;
2025-07-14;726,41 MAD ;739,4 MAD ;
2025-07-15;724,89 MAD ;737,9 MAD ;
2025-07-16;731,18 MAD ;744,2 MAD ;
2025-07-17;728,78 MAD ;741,8 MAD ;
2025-07-18;731,37 MAD ;744,4 MAD ;
2025-07-21;740,29 MAD ;753,3 MAD ;
2025-07-22;745,63 MAD ;758,6 MAD ;
2025-07-23;734,73 MAD ;747,7 MAD ;
2025-07-24;729,46 MAD ;742,5 MAD ;
2025-07-25;722,28 MAD ;735,3 MAD ;
2025-07-28;722,77 MAD ;735,8 MAD ;
2025-07-29;729,69 MAD ;742,7 MAD ;
2025-07-30;718,97 MAD ;732,0 MAD ;
2025-07-31;724,56 MAD ;737,6 MAD ;
2025-08-01;736,85 MAD ;749,9 MAD ;
2025-08-04;737,90 MAD ;750,9 MAD ;
2025-08-05;741,78 MAD ;754,8 MAD ;
2025-08-06;737,07 MAD ;750,1 MAD ;
2025-08-07;740,59 MAD ;753,6 MAD ;
2025-08-08;741,48 MAD ;754,5 MAD ;
2025-08-11;729,85 MAD ;742,9 MAD ;
2025-08-12;731,38 MAD ;744,4 MAD ;
2025-08-13;729,11 MAD ;742,1 MAD ;
2025-08-14;723,76 MAD ;736,8 MAD ;
2025-08-15;724,52 MAD ;737,5 MAD ;
2025-08-18;724,42 MAD ;737,4 MAD ;
2025-08-19;721,14 MAD ;734,1 MAD ;
2025-08-20;728,25 MAD ;741,3 MAD ;
2025-08-21;726,69 MAD ;739,7 MAD ;
2025-08-22;735,72 MAD ;748,7 MAD ;
2025-08-25;731,64 MAD ;744,6 MAD ;
2025-08-26;738,23 MAD ;751,2 MAD ;
2025-08-27;742,46 MAD ;755,5 MAD ;
2025-08-28;743,28 MAD ;756,3 MAD ;
2025-08-29;751,38 MAD ;764,4 MAD ;
2025-09-01;753,73 MAD ;766,7 MAD ;
2025-09-02;770,55 MAD ;783,6 MAD ;
2025-09-03;779,83 MAD ;792,8 MAD ;
2025-09-04;776,14 MAD ;789,1 MAD ;
2025-09-05;786,18 MAD ;799,2 MAD ;
2025-09-08;790,75 MAD ;803,8 MAD ;
2025-09-09;787,31 MAD ;800,3 MAD ;
2025-09-10;792,37 MAD ;805,4 MAD ;
2025-09-11;791,13 MAD ;804,1 MAD ;
2025-09-12;791,70 MAD ;804,7 MAD ;
2025-09-15;797,23 MAD ;810,2 MAD ;
2025-09-16;797,70 MAD ;810,7 MAD ;
2025-09-17;792,60 MAD ;805,6 MAD ;
2025-09-18;789,62 MAD ;802,6 MAD ;
2025-09-19;802,02 MAD ;815,0 MAD ;
2025-09-22;814,67 MAD ;827,7 MAD ;
2025-09-23;819,31 MAD ;832,3 MAD ;
2025-09-24;818,25 MAD ;831,3 MAD ;
2025-09-25;819,08 MAD ;832,1 MAD ;
2025-09-26;823,93 MAD ;836,9 MAD ;
2025-09-29;838,58 MAD ;851,6 MAD ;
2025-09-30;846,45 MAD ;859,5 MAD ;
2025-10-01;846,33 MAD ;859,3 MAD ;
2025-10-02;845,10 MAD ;858,1 MAD ;
2025-10-03;854,53 MAD ;867,5 MAD ;
2025-10-06;874,07 MAD ;887,1 MAD ;
2025-10-07;878,89 MAD ;891,9 MAD ;
2025-10-08;884,91 MAD ;897,9 MAD ;
2025-10-09;879,39 MAD ;892,4 MAD ;
2025-10-10;884,75 MAD ;897,8 MAD ;
2025-10-13;908,27 MAD ;921,3 MAD ;
2025-10-14;920,68 MAD ;933,7 MAD ;
2025-10-15;932,01 MAD ;945,0 MAD ;
2025-10-16;955,26 MAD ;968,3 MAD ;
2025-10-17;939,76 MAD ;952,8 MAD ;
2025-10-20;969,18 MAD ;982,2 MAD ;
2025-10-21;916,72 MAD ;929,7 MAD ;
2025-10-22;913,66 MAD ;926,7 MAD ;
2025-10-23;918,69 MAD ;931,7 MAD ;
2025-10-24;914,93 MAD ;927,9 MAD ;
2025-10-27;888,21 MAD ;901,2 MAD ;
2025-10-28;877,80 MAD ;890,8 MAD ;
2025-10-29;875,96 MAD ;889,0 MAD ;
2025-10-30;897,84 MAD ;910,8 MAD ;
2025-10-31;893,63 MAD ;906,6 MAD ;
2025-11-03;897,43 MAD ;910,4 MAD ;
2025-11-04;884,01 MAD ;897,0 MAD ;
2025-11-05;891,67 MAD ;904,7 MAD ;
2025-11-06;894,21 MAD ;907,2 MAD ;
2025-11-07;894,01 MAD ;907,0 MAD ;
2025-11-10;920,14 MAD ;933,1 MAD ;
2025-11-11;925,62 MAD ;938,6 MAD ;
2025-11-12;940,33 MAD ;953,3 MAD ;
2025-11-13;933,39 MAD ;946,4 MAD ;
2025-11-14;909,34 MAD ;922,3 MAD ;
2025-11-17;902,90 MAD ;915,9 MAD ;
2025-11-18;907,91 MAD ;920,9 MAD ;
2025-11-19;913,29 MAD ;926,3 MAD ;
2025-11-20;914,49 MAD ;927,5 MAD ;
2025-11-21;909,91 MAD ;922,9 MAD ;
2025-11-24;924,74 MAD ;937,7 MAD ;
2025-11-25;922,08 MAD ;935,1 MAD ;
2025-11-26;929,55 MAD ;942,6 MAD ;
2025-11-27;928,32 MAD ;941,3 MAD ;
2025-11-28;941,19 MAD ;954,2 MAD ;
2025-12-01;944,72 MAD ;957,7 MAD ;
2025-12-02;939,13 MAD ;952,1 MAD ;
2025-12-03;936,38 MAD ;949,4 MAD ;
2025-12-04;936,45 MAD ;949,5 MAD ;
2025-12-05;934,94 MAD ;947,9 MAD ;
2025-12-06;934,54 MAD ;947,5 MAD ;
2025-12-07;934,25 MAD ;947,3 MAD ;
2025-12-08;934,01 MAD ;947,0 MAD ;
2025-12-09;939,93 MAD ;952,9 MAD ;
2025-12-11;.;944,0 MAD ;
2025-12-12;.;944,0 MAD ;
2025-12-13;.;954,0 MAD ;
2025-12-14;.;955,0 MAD ;
2025-12-15;.;960,0 MAD ;
2025-12-16;.;950,0 MAD ;
2025-12-17;.;960,0 MAD ;